epochs,seed,model_kind,vs,t,p,n
1,7,static,concat_a,-2.356317224203267,0.020468218949122964,98
1,7,tau_rope,concat_a,-0.5928362138211563,0.5546704010931246,98
1,7,tau_rope,static,1.6814156242665974,0.09589935048781961,98
3,7,static,concat_a,-2.600533036593069,0.010763103277355296,98
3,7,tau_rope,concat_a,-0.20666068122730114,0.8367080484678489,98
3,7,tau_rope,static,1.9792771948590964,0.05061954664783315,98
