epochs,seed,model_kind,ic,static_ic,below_static,concat_ic,below_concat,pe_scale_mean
1,7,tau_rope,0.028924646781789635,-0.03119309262166406,False,0.041868131868131875,True,
3,7,tau_rope,0.06589481946624805,-0.011428571428571425,False,0.0713465743575086,True,
