model_kind,vs,t,p,n
static,concat_a,-2.2009743258009338,0.03011000242292356,98
tau_rope,concat_a,0.5878521541786409,0.5579976353488498,98
