epochs,seed,model_kind,vs,t,p,n
1,7,static,concat_a,-2.1345185089591148,0.03532079716063779,98
1,7,tau_rope,concat_a,-0.04620709155322741,0.9632401876459806,98
1,7,tau_rope,static,1.665956911888487,0.09894836049726986,98
3,7,static,concat_a,-2.2009743258009338,0.03011000242292356,98
3,7,tau_rope,concat_a,0.5878521541786409,0.5579976353488498,98
3,7,tau_rope,static,2.0423963776256464,0.04382588810720791,98
