epochs,seed,model_kind,ic,static_ic,below_static,concat_ic,below_concat,pe_scale_mean
3,7,concat_a:intensity_indexret,0.07339500141101732,-0.011428571428571425,False,0.0713465743575086,False,
3,7,film_a:intensity_indexret,-0.07893249607535323,-0.011428571428571425,True,0.0713465743575086,True,
3,17,concat_a:intensity_indexret,0.0331048553735429,-0.03613392773153558,False,0.03069858712715855,False,
3,17,film_a:intensity_indexret,0.07596546310832027,-0.03613392773153558,False,0.03069858712715855,False,
3,27,concat_a:intensity_indexret,0.07108320251177394,0.0785713983731266,True,0.06939627026816254,False,
3,27,film_a:intensity_indexret,-0.021240188383045533,0.0785713983731266,True,0.06939627026816254,True,
