epochs,seed,model_kind,vs,t,p,n
3,7,concat_a:intensity_indexret,concat_a,0.48409091224014017,0.6294125273028562,98
3,7,film_a:intensity_indexret,concat_a,-3.777466564688468,0.0002733349177795181,98
3,7,static,concat_a,-2.600533036593069,0.010763103277355296,98
3,17,concat_a:intensity_indexret,concat_a,0.8486625966120454,0.39815856014081497,98
3,17,film_a:intensity_indexret,concat_a,1.23526230211305,0.21971646240449194,98
3,17,static,concat_a,-2.2774947255643787,0.02495241603362801,98
3,27,concat_a:intensity_indexret,concat_a,0.7845623176235933,0.43462210158058723,98
3,27,film_a:intensity_indexret,concat_a,-1.9828945650232144,0.05020730372858076,98
3,27,static,concat_a,0.3178558422156708,0.751277551416669,98
3,7,concat_a:intensity_indexret,static,2.6120190732709694,0.010431476245755595,98
3,7,film_a:intensity_indexret,static,-2.8542889092876336,0.005274267364962848,98
3,17,concat_a:intensity_indexret,static,2.336949898062926,0.02149831014969347,98
3,17,film_a:intensity_indexret,static,2.508780518453869,0.01377291960257271,98
3,27,concat_a:intensity_indexret,static,-0.26286427944852575,0.7932127038376746,98
3,27,film_a:intensity_indexret,static,-2.926582007246218,0.00426891843561225,98
