model_kind,vs,t,p,n
static,concat_a,-2.049482243663479,0.0431144153124542,98
film_a,concat_a,-2.8119130952778866,0.005960256526280584,98
