model_kind,vs,t,p,n
static,concat_a,2.4235968935732912,0.016398029952480613,174
tau_rope,concat_a,1.3305886072308524,0.18507559081752797,174
