hypothesis,mean,t_nw,p_one_sided,n
H1_high_vol_IC,0.038727272727272714,1.5591304863581668,0.05948274967325451,220
H2_high_vol_MAE,9.20282098751439e-05,2.891413132647383,0.0019175679957417202,220
