model_kind,vs,t,p,n
static,concat_a,2.618610596284995,0.009612307980261208,174
tau_rope,concat_a,1.5457100664861858,0.12400192198269851,174
